alpha,load_metric,w2,throughput,strip_throughput,avg_latency,avg_first_token_latency,p50_latency,p90_latency,p50_first_token_latency,p90_first_token_latency,cache_hit_rate,total_requests,cache_hits,cache_misses
0.1,rwpt,1.0,5.5764,5.4988,10.742,5.71,10.927,14.044,5.948,7.807,0.8736,720,629,91
0.1,token_count,1.0,5.6213,5.5513,11.099,6.1,11.262,15.084,6.529,8.777,0.9625,720,693,27
0.1,queue_length,0.15,5.6314,5.563,11.324,6.344,11.508,15.011,6.785,8.69,0.9175,720,656,59
0.3,rwpt,1.0,5.5936,5.5189,10.459,5.321,10.632,14.368,5.422,8.027,0.8653,720,623,97
0.3,token_count,1.0,5.4772,5.3833,11.236,6.074,11.182,15.521,6.103,9.014,0.9167,720,660,60
0.3,queue_length,0.15,5.4129,5.309,12.846,7.461,12.886,17.083,7.658,10.592,0.8014,720,577,143
0.8,rwpt,1.0,5.4421,5.3427,12.18,6.757,12.265,16.166,6.768,9.799,0.7236,720,521,199
0.8,token_count,1.0,5.3866,5.2786,12.709,7.472,12.55,17.564,7.325,11.553,0.8597,720,619,101
0.8,queue_length,0.15,5.3124,5.1933,12.776,7.597,12.838,17.366,7.761,11.094,0.7958,720,573,147
